Area_sqft,Age_years,Distance_to_City,Rooms,Amenities_score,Property_type,Energy_Rating,Region,Rennovated,Tax_Rate,Lot_Size,Price
500.0,62.0,37.46823294032115,2,8.113039622741333,Apartment,low,East,1,0.05300213321490719,723.1296594283502,15402.448940459422
500.0,16.0,11.073410610406237,6,6.23933406801975,Will,low,East,0,0.09445282530501596,723.1296594283502,57041.447548737575
500.0,72.0,39.60170454701013,7,7.128773445144201,Apartment,low,West,0,0.10046190246076955,723.1296594283502,22285.73386289869
500.0,32.0,30.58235505477681,9,2.707253633572095,Apartment,High,East,0,0.061728014780044506,723.1296594283502,44973.27619948769
500.0,,6.5990977027287,3,6.570533737069494,Apartment,low,North,1,0.06690617784397163,723.1296594283502,26059.369748205783
500.0,76.0,21.310724625977755,3,3.911503554203264,Apartment,High,North,0,0.08518050064103524,723.1296594283502,16120.749844230177
500.0,91.0,43.31238889003489,7,8.508730293592908,Apartment,low,North,1,0.12616758762136626,723.1296594283502,23637.238083847627
500.0,28.0,46.22505135812576,4,6.663689254096625,Apartment,low,East,0,0.10070824240602666,723.1296594283502,30441.63381171741
500.0,12.0,23.819305993621846,8,2.789706499977663,Will,Medium,South,0,0.11379018745529615,723.1296594283502,78340.8883524556
500.0,45.0,24.561011926364603,7,1.5815501185967753,Apartment,High,South,0,0.14851745550906748,723.1296594283502,60366.846027053005
500.0,,46.00428152202576,5,1.3836988835832946,House,low,South,0,0.12680054353132097,723.1296594283502,42366.07269680634
500.0,5.0,29.766342982691793,7,4.342677108851267,Apartment,High,South,1,0.09343614981412177,723.1296594283502,85018.83199997831
500.0,81.0,2.609486841928479,3,3.392660229888821,Apartment,High,North,0,0.09464419217965486,723.1296594283502,14438.13768663216
500.0,68.0,45.724723681077315,2,6.814811111162572,Will,Medium,North,0,0.1118772077041005,723.1296594283502,31196.332444332314
500.0,46.0,13.163095695100443,6,5.494004514807564,Will,Medium,West,1,0.11653652084189044,723.1296594283502,18156.086287548536
500.0,24.0,29.303965750485812,2,3.3941735020484263,House,Medium,East,0,0.10007109258366713,723.1296594283502,46801.462997296185
500.0,65.0,9.110152553970718,3,2.343140001551585,House,Medium,East,0,0.11448612228149799,723.1296594283502,19927.777985895977
500.0,9.0,2.660078852083154,6,2.1447978641870464,Will,Medium,South,0,0.05235324944140988,723.1296594283502,63332.83638932494
500.0,55.0,16.262185385505113,5,8.78194352926376,Will,Medium,North,0,0.0929622863896844,723.1296594283502,36660.236084837394
500.0,29.0,39.244289669758295,8,3.1913017156438053,Apartment,Medium,South,1,0.07789380760734768,723.1296594283502,58885.49733265476
500.0,4.0,14.601771458841489,9,6.865395831198715,Will,Medium,West,1,0.06291744452431104,723.1296594283502,81735.5109404383
2500.0,32.0,11.784763489973756,3,8.296173351876396,House,low,East,0,0.05995465128087751,723.1296594283502,320223.95525910315
500.0,64.0,11.421358432720087,3,6.526731800662625,Apartment,High,East,1,0.11031921656146675,723.1296594283502,33036.18889303465
500.0,17.0,26.243510437933818,3,8.736087084822511,House,Medium,South,1,0.10236005471526116,723.1296594283502,66487.8732467686
500.0,,48.80152446845506,6,4.531543493756271,Apartment,Medium,West,0,0.07535841169963692,723.1296594283502,-3152.1150747048487
500.0,48.0,23.490460412833638,1,9.605999715840534,Will,High,East,1,0.09709500587725145,723.1296594283502,14791.898526560117
500.0,10.0,28.307963075612346,7,2.1983050376028723,House,low,West,0,0.09922323151824083,723.1296594283502,52421.96861748221
500.0,84.0,43.170968876645965,1,1.9193457669178429,Apartment,High,West,1,0.06950089804386159,723.1296594283502,-7880.686991764391
500.0,25.0,27.218416227749273,5,6.928229315866992,Apartment,High,South,1,0.11520930618816506,723.1296594283502,42879.533455444114
500.0,62.0,10.038680699523947,8,9.485480272719355,Will,Medium,North,1,0.12809193563860904,723.1296594283502,55996.77773099761
500.0,88.0,15.680199676557375,4,8.279951154726952,Will,High,South,0,0.1291463540889519,723.1296594283502,37213.80386768642
500.0,85.0,16.186909387161933,5,1.6877517349424629,Will,High,North,1,0.1102469830703455,723.1296594283502,21592.62454619753
500.0,,20.468587657422297,4,3.5143094254124474,House,Medium,West,0,0.10116385825190141,723.1296594283502,25636.459837276994
500.0,26.0,21.91265636150072,4,9.372869963540413,Apartment,Medium,North,0,0.05610071430053949,723.1296594283502,58543.8595362099
500.0,48.0,40.1893190816392,8,3.277525895207061,Will,Medium,West,1,0.07878312988516059,723.1296594283502,12040.4725862173
500.0,76.0,18.119962953417318,2,8.030533814082274,House,Medium,East,0,0.059327144677816995,723.1296594283502,-327.67708154737375
500.0,32.0,23.943359593627587,1,8.426189763358334,House,High,East,1,0.14638231608784735,723.1296594283502,-324.4561004987336
500.0,97.0,31.62382336550156,3,5.4590689311488365,House,High,East,0,0.06350801462257608,723.1296594283502,-7985.495760331629
500.0,98.0,19.508571424568295,9,4.47714018863484,Will,low,South,0,0.06517754098511021,723.1296594283502,13994.737096469997
500.0,0.0,41.99167585132431,4,5.051119891777836,Will,low,South,1,0.1389576618330492,723.1296594283502,81665.22816906517
500.0,20.0,29.785226607469642,5,3.0426822492882772,Apartment,High,West,1,0.14439282834764577,723.1296594283502,11084.070507660159
500.0,54.0,15.408189281827607,2,9.004518245159598,Apartment,low,East,1,0.12658290392349097,723.1296594283502,20249.46099648499
500.0,5.0,35.98890078970158,4,5.055576910567821,Will,High,South,1,0.05054049236726699,723.1296594283502,66293.49708267162
500.0,91.0,26.854738777094507,2,8.942134964104898,House,low,East,0,0.05013462709565637,723.1296594283502,14160.9599490364
500.0,80.0,27.1883386716051,2,1.9512413191564668,House,Medium,South,0,0.08781007697874507,723.1296594283502,35426.07200302341
500.0,68.0,24.573309470991713,4,9.894477439001182,House,low,North,0,0.06433953700108926,723.1296594283502,27915.772178948828
500.0,94.0,25.3535854922412,6,4.989457786992564,Apartment,Medium,North,1,0.05183861421515973,723.1296594283502,24114.172707217174
500.0,4.0,38.50245777224579,7,1.430477383546949,House,Medium,East,0,0.09640666894045047,723.1296594283502,38922.39752296175
500.0,2.0,6.046092487234461,3,1.3421966341370943,Apartment,Medium,West,1,0.14430618974069714,723.1296594283502,40675.96712734787
500.0,52.0,17.383777754213625,3,7.715865317336547,Apartment,Medium,South,0,0.08238195749024314,723.1296594283502,3759.4288482796437
500.0,22.0,4.699664826390572,6,6.931319807833127,House,low,South,1,0.11611406784286965,723.1296594283502,63089.12161871149
500.0,52.0,37.90906481662509,3,8.219175023148289,House,High,North,0,0.11522353531324407,723.1296594283502,35730.35677635869
500.0,36.0,14.342790881294672,2,1.9483078055752536,Will,Medium,North,0,0.07510801036651678,723.1296594283502,40203.06950925273
500.0,73.0,44.974090081125325,8,1.3201378033199351,Will,low,West,1,0.11504252488238643,723.1296594283502,21778.495873128886
500.0,73.0,26.802344866305393,5,5.577213605028206,House,Medium,West,0,0.07123339742868913,723.1296594283502,11405.75331025002
500.0,82.0,40.23673880281993,1,4.488357083344926,Apartment,low,West,1,0.06220074135768891,723.1296594283502,12641.70398444626
500.0,16.0,48.9676403451821,3,5.157522430038602,Apartment,low,East,0,0.12013832855596901,723.1296594283502,38459.20920843298
500.0,84.0,42.14965411337196,8,9.924295679832467,Apartment,low,North,0,0.06134408171039168,723.1296594283502,14193.931542516448
500.0,77.0,43.482694240564655,4,9.736749619036031,Apartment,High,East,1,0.1496909218589355,723.1296594283502,13374.159431128977
500.0,72.0,20.99124027287739,7,9.480838507058735,Apartment,low,North,1,0.06834524011502294,723.1296594283502,22588.869459470377
500.0,0.0,28.03440716770765,2,8.054584090909064,Will,low,North,0,0.10941418627564575,723.1296594283502,40499.1553805732
500.0,50.0,13.44053963812191,7,4.193572242312014,House,High,South,0,0.09113745714125894,723.1296594283502,25113.482748635968
500.0,44.0,10.609541884979187,5,4.709178372364944,Will,High,North,0,0.06263864224056671,723.1296594283502,47230.3465250836
500.0,76.0,25.769886076195654,5,5.946544393470321,Apartment,low,North,0,0.05278439075774134,723.1296594283502,47840.74159215586
500.0,3.0,30.15740000532061,6,8.47481010764356,Apartment,High,East,0,0.11227322822928332,723.1296594283502,63414.93699072019
500.0,61.0,17.624291048913356,9,1.6184154926644099,Apartment,Medium,North,0,0.1306757563789126,723.1296594283502,47336.51205454892
500.0,64.0,28.902732370411517,6,4.818671972963993,Apartment,Medium,East,1,0.1342015661506744,723.1296594283502,41545.66778902555
500.0,31.0,44.48556364316165,8,1.7435589711334183,House,High,West,1,0.09827134730769344,723.1296594283502,61498.48635789683
500.0,33.0,28.27935765438494,7,5.631918279161604,Apartment,High,North,1,0.12774554671823857,723.1296594283502,39296.315075245315
500.0,91.0,36.31984171921482,9,9.090107416056119,House,low,North,0,0.11728471334885447,723.1296594283502,54797.69316653878
500.0,94.0,40.46043340053735,4,8.042364321075441,Apartment,High,East,0,0.12242545274991332,723.1296594283502,1140.342294830587
500.0,71.0,49.4477103158167,2,3.05058175788799,House,low,West,0,0.09925990052218141,723.1296594283502,27721.325469906136
500.0,38.0,30.556672706672,7,9.783917646389131,Will,Medium,South,1,0.1133411740242127,723.1296594283502,57452.86961014367
500.0,25.0,40.535657299166715,6,7.006153582417856,Apartment,High,West,1,0.1305525913576057,723.1296594283502,23623.376867980434
500.0,33.0,48.16981660918886,1,1.0938492945766276,House,low,East,0,0.0897884175557023,723.1296594283502,28617.30374630621
500.0,53.0,47.2760765532864,9,3.2987213621669755,Will,low,West,0,0.13059789008675837,723.1296594283502,48849.426777182554
500.0,,7.913010590107965,9,3.3464196992792488,Apartment,Medium,East,1,0.10920168427890628,723.1296594283502,75497.2681713643
500.0,49.0,20.91322310540258,2,1.6232887565727394,Apartment,High,East,1,0.06659010243707862,723.1296594283502,33521.307732751506
500.0,11.0,16.875512994233183,3,9.638438662683361,Apartment,Medium,South,1,0.052468415722458465,723.1296594283502,62364.94309409964
500.0,64.0,5.259325732567117,5,5.3042976511833135,House,low,North,0,0.0862753600399152,723.1296594283502,30387.26953593833
500.0,53.0,32.028797970637065,5,9.062331376346938,House,low,East,0,0.10466963282963399,723.1296594283502,41319.26352026916
500.0,4.0,37.05932604660411,1,3.899939531001655,Will,High,East,0,0.13398203522034885,723.1296594283502,47825.681198414255
500.0,93.0,42.558276677877295,8,2.127102133895444,House,low,South,1,0.06274856801402462,723.1296594283502,9739.995148678398
500.0,93.0,7.016067593472717,8,5.269024989155925,House,High,East,1,0.1300206347683579,723.1296594283502,25486.021620545107
500.0,56.0,43.945759717889395,4,2.0256097124288543,Apartment,Medium,North,0,0.13630090460672267,723.1296594283502,42736.34766379604
500.0,16.0,32.50335261709841,7,5.374139526797859,Apartment,High,South,0,0.06506874870008338,723.1296594283502,77131.82573713048
500.0,46.0,35.49336062178696,3,9.28267463097467,Apartment,High,North,1,0.1351594319304219,723.1296594283502,41559.73486316306
500.0,22.0,45.620576173474895,6,5.686913276507914,Apartment,low,North,0,0.1491453567842792,723.1296594283502,74515.25488923948
500.0,78.0,31.613302281119303,9,6.548497542055752,Apartment,low,South,1,0.12268388310482375,723.1296594283502,41782.97121113471
500.0,84.0,17.45742700034192,1,2.4097459327642747,Apartment,High,East,1,0.1284769681824988,723.1296594283502,21458.197325032557
500.0,13.0,41.43025923971033,5,1.3936206329197254,Apartment,low,North,0,0.14944152675588734,723.1296594283502,70060.86723919678
500.0,,18.789901397559436,4,1.9972716596182634,Will,low,North,1,0.11054812505259454,723.1296594283502,23649.741886743966
500.0,74.0,2.6771774302059272,8,6.386784181159291,Will,low,North,0,0.08078863820162493,723.1296594283502,45390.051488515026
500.0,50.0,41.70207082169724,1,1.855105290930742,Will,High,North,1,0.13375308340760556,723.1296594283502,11390.326535386288
500.0,37.0,17.914415099182502,9,4.383936009471803,Will,low,South,1,0.11144857775116312,723.1296594283502,61247.185138232955
500.0,63.0,38.917891636865676,6,5.950827464123404,Apartment,High,South,0,0.10811954237209564,723.1296594283502,42655.3874000268
500.0,97.0,18.775136838631326,4,4.497875187668623,Will,low,West,1,0.07536355555140382,723.1296594283502,26766.426810489953
500.0,37.0,43.19233297876136,9,2.4731542131877133,Apartment,Medium,West,0,0.12563342695828866,723.1296594283502,68311.3895597196
500.0,49.0,11.756015728966975,5,3.464121767626959,Will,low,North,0,0.05816672758600963,723.1296594283502,53961.7127500207
500.0,97.0,48.75281599474462,5,9.354857795637193,House,low,East,1,0.14242870707946612,723.1296594283502,12509.295048103655
500.0,81.0,39.20817996461351,5,7.083840480277198,Will,High,North,0,0.08258234607704848,723.1296594283502,16819.10267994929
500.0,29.0,6.5976583700994444,1,5.464430548118979,Will,High,East,0,0.06277746527899905,723.1296594283502,31876.518631715757
500.0,78.0,28.723054378361464,1,1.1144340098820416,Apartment,low,North,0,0.09423665331024188,723.1296594283502,15494.255956729454
500.0,90.0,49.282998299845,8,9.931738604405231,Will,Medium,West,0,0.05424699092565332,723.1296594283502,-631.2052346337841
500.0,50.0,24.082207181996907,8,7.043094414051789,House,low,West,0,0.11846261942649662,723.1296594283502,66476.35455591831
500.0,62.0,9.92324980225758,6,3.8523022961045044,Apartment,low,East,0,0.14027055104453562,723.1296594283502,35158.100397434624
500.0,97.0,24.754139990366962,4,8.913417939980544,Apartment,Medium,North,1,0.1337263007138509,723.1296594283502,4774.976264973211
500.0,,26.110425138214158,2,3.325884582626363,Will,High,East,0,0.0627369473447881,723.1296594283502,-9945.74315908191
500.0,37.0,37.342660267204614,2,5.896149212644764,Apartment,low,West,1,0.06262711371077319,723.1296594283502,34447.79740732576
500.0,96.0,35.243446804884314,9,6.724636873568426,Apartment,High,North,1,0.13134344823242639,723.1296594283502,23522.852273863664
500.0,87.0,20.724952136252046,5,2.989570343083556,Apartment,High,North,0,0.1424254274603116,723.1296594283502,5544.303540321174
500.0,78.0,11.683132267210238,4,9.805575509205363,Apartment,Medium,East,1,0.09606698298334891,723.1296594283502,10404.297323094817
500.0,29.0,32.60765422069714,1,7.733727153810978,Apartment,Medium,South,1,0.09989711169137659,723.1296594283502,35600.45033332255
500.0,50.0,21.66349279311081,7,6.020319029599629,Apartment,High,East,0,0.08182620413857258,723.1296594283502,34676.45310618475
500.0,80.0,7.481534345141189,3,2.625351383577708,House,low,West,0,0.1394265118256414,723.1296594283502,25078.17099267534
500.0,4.0,45.1280427605829,6,1.4847238629822352,Will,High,West,0,0.1144902905292356,723.1296594283502,52268.24617033976
500.0,28.0,34.86987102287306,5,3.880538492688851,House,low,West,1,0.07882515771673684,723.1296594283502,50819.12644281167
500.0,3.0,34.47600896582859,5,7.778686023220625,Apartment,low,West,1,0.07987828710542516,723.1296594283502,78700.68053216755
500.0,9.0,41.30660991967202,5,3.4239816847182256,Apartment,Medium,West,0,0.13912000730636023,723.1296594283502,57451.06206156173
500.0,55.0,26.95342225409897,1,5.8560059844595465,Will,low,South,0,0.05136340239058215,723.1296594283502,28339.656859396186
500.0,,40.9376669917204,1,7.551524590576689,House,low,North,1,0.08227265727266383,723.1296594283502,46889.77081100897
500.0,73.0,25.40644692203928,3,1.9714934318181792,Will,High,East,1,0.1054356681216369,723.1296594283502,20119.95349425899
500.0,16.0,4.291594595869794,4,7.1676821450428605,House,Medium,East,1,0.06482174620993246,723.1296594283502,50494.89287084735
500.0,83.0,20.85715631335675,5,1.8268379893904023,Apartment,low,West,1,0.05920987541995898,723.1296594283502,12429.386678251321
500.0,87.0,25.375779805014638,2,9.686167679142969,Will,low,East,0,0.131527633109056,723.1296594283502,12265.18435836729
500.0,68.0,36.28992649998249,8,5.395547170584456,Will,Medium,West,1,0.13944043886485072,723.1296594283502,33250.98736740799
500.0,33.0,6.222357776305044,2,2.3560849693888963,Apartment,High,South,1,0.13236064207981896,723.1296594283502,60191.3525235206
500.0,5.0,7.860908394362001,9,4.0814527243019185,Will,Medium,South,1,0.13987878897373476,723.1296594283502,84167.14888664868
500.0,52.0,13.920506329096206,2,4.720748043657353,House,Medium,North,1,0.10531119710583714,723.1296594283502,5708.061561674811
500.0,65.0,14.05842127517323,9,7.823665099688836,House,low,South,0,0.13122581209903417,723.1296594283502,21042.63002672884
500.0,76.0,36.87704434449406,7,7.6908140746894835,House,low,South,0,0.08840426383911004,723.1296594283502,28543.101964409525
500.0,42.0,13.28580236751829,8,6.507464548035979,House,High,North,1,0.11662678614790385,723.1296594283502,44570.4178384038
500.0,74.0,32.021805104514925,2,1.9533764130264366,Apartment,low,East,1,0.14888355313891644,723.1296594283502,13752.09122667112
500.0,22.0,25.2194186567753,7,2.3641243442890625,Will,low,West,0,0.07257277238391274,723.1296594283502,67267.4219097847
500.0,,29.091424530790633,6,1.8438122858100097,House,Medium,West,0,0.08898997462910806,723.1296594283502,43236.03848316035
500.0,79.0,42.06724119573649,4,6.194555049587951,Apartment,low,East,1,0.09800473773100857,723.1296594283502,24584.438456872314
500.0,94.0,20.81469357590219,7,8.894245973602636,Will,High,North,1,0.06380154870200518,723.1296594283502,43192.9199824309
500.0,,38.77465747614925,4,4.904204610292946,Will,Medium,East,0,0.05810386104650568,723.1296594283502,1666.626687403812
500.0,,21.67976691798368,2,2.4476335656197157,Apartment,High,South,0,0.13297228663216243,723.1296594283502,47559.082512233486
500.0,7.0,18.339697451501223,7,6.022380926340703,Apartment,Medium,North,0,0.14767943728275862,723.1296594283502,56314.211780791185
500.0,3.0,47.97273168834781,8,8.305769951791389,House,low,North,0,0.09047250638296586,723.1296594283502,91531.53678759027
500.0,3.0,10.034175113269198,2,7.67540855361637,Will,Medium,North,0,0.05876498361946533,723.1296594283502,18859.725912649847
500.0,55.0,5.426511068302785,5,8.933057017075193,Will,Medium,West,0,0.05658117606905765,723.1296594283502,2517.7762143049804
500.0,24.0,38.778310351238446,1,3.5011188752398104,Apartment,low,East,1,0.13913182063602986,723.1296594283502,43069.54444522076
500.0,,4.344235562350487,7,2.745584805409974,Will,low,North,0,0.096381424972768,723.1296594283502,52394.448389862206
500.0,95.0,42.01687054444844,8,8.91834837347745,House,High,North,0,0.0820027316562392,723.1296594283502,35598.81481975575
500.0,,22.422476421504932,6,6.918042815002208,Will,High,North,0,0.09764612712393994,723.1296594283502,20485.28810023437
500.0,26.0,45.86017018730379,5,3.7983603700679875,Apartment,low,East,0,0.08183040946923473,723.1296594283502,72096.3258300237
500.0,92.0,36.35511019497338,6,7.681132455152583,Apartment,low,West,1,0.098903577530762,723.1296594283502,1027.9687710868748
500.0,,30.90982868338992,2,8.336065460323312,House,low,South,1,0.1359556396917937,723.1296594283502,57612.262843150165
500.0,49.0,47.51603305583052,1,6.534804163070191,House,Medium,West,0,0.10923013710620957,723.1296594283502,9511.576244627846
500.0,60.0,20.43581927955066,7,7.190956988919236,Will,Medium,North,1,0.11946537728101754,723.1296594283502,33222.63741494167
500.0,50.0,47.75025989044202,7,4.377339139983997,Will,Medium,West,1,0.08646706762343366,723.1296594283502,53089.04306785376
500.0,18.0,7.61506259363914,2,5.848261006087352,Apartment,low,West,1,0.12385058785105187,723.1296594283502,22506.882536557525
500.0,20.0,24.703992154688226,2,5.71743253653546,House,High,South,1,0.11666170848793724,723.1296594283502,65535.350963111516
500.0,4.0,14.22564989721755,1,8.632430120176947,House,low,East,1,0.061956199775205646,723.1296594283502,43130.84252898028
500.0,81.0,27.45229616650148,8,8.559675822539642,House,Medium,East,1,0.10726428531155846,723.1296594283502,33059.142035174336
500.0,,8.938680016687645,8,8.49412422412339,Will,Medium,West,0,0.0756743496309758,723.1296594283502,43433.01183561128
500.0,41.0,42.234953355192125,1,1.0992845283621921,House,low,West,0,0.13040956696335926,723.1296594283502,18103.11982249275
500.0,60.0,42.473984616413304,8,7.745909360219994,Apartment,low,East,0,0.09259377084669394,723.1296594283502,57412.20529383083
500.0,21.0,47.80657932345047,9,7.828087510999044,Apartment,Medium,East,0,0.1494684165196487,723.1296594283502,88608.00356338554
500.0,20.0,8.578934903278576,4,7.105409405696276,Will,Medium,South,0,0.05925004379389638,723.1296594283502,39666.31504005632
500.0,69.0,31.543294994344546,1,7.806381921023073,Will,Medium,North,1,0.12803478627401585,723.1296594283502,36540.815088944415
500.0,0.0,24.23762812631811,1,8.577733343470378,House,low,West,0,0.11737017335421564,723.1296594283502,24091.321086375956
500.0,4.0,17.87480287016743,3,5.232871486916071,Will,Medium,East,0,0.12674988305907053,723.1296594283502,60344.005921918506
500.0,11.0,18.22546789557672,5,5.518451921396024,Apartment,Medium,West,1,0.08075297954904563,723.1296594283502,38571.02226444287
500.0,89.0,21.22688397973086,5,2.122426512202514,House,High,West,1,0.09920544893824006,723.1296594283502,32138.528228042836
500.0,45.0,35.5413519347587,9,4.468382947426257,Apartment,low,East,0,0.12965085197237083,723.1296594283502,64906.84072633305
500.0,33.0,30.316016855139576,2,6.790286619206059,House,High,South,1,0.0732541331620855,723.1296594283502,68160.69993386866
500.0,48.0,23.524394125295423,2,8.02359798532547,Will,High,West,1,0.07260331967886521,723.1296594283502,50819.24474428749
500.0,77.0,4.720737108111482,6,2.954881879220895,House,Medium,South,1,0.10510509532949323,723.1296594283502,24513.432035978178
500.0,89.0,4.8105018598688964,9,2.2404060924331186,House,low,East,1,0.10235635795298557,723.1296594283502,13773.787690517394
500.0,44.0,1.1146301406631347,1,6.96737804050443,Apartment,Medium,North,0,0.07822624704129329,723.1296594283502,36985.30619504085
500.0,26.0,48.417270022147235,9,1.0169189517241959,Apartment,low,North,1,0.07980756505248228,723.1296594283502,60589.0288442176
500.0,72.0,1.2574371093608607,9,2.6053532587659687,House,High,West,0,0.07778451632065655,723.1296594283502,61767.32566893556
500.0,25.0,6.051593554673499,9,1.2616424230955836,Will,low,East,0,0.12715120619984877,723.1296594283502,29504.287348763326
500.0,46.0,16.415231283661136,5,2.5019660606938383,Will,Medium,South,1,0.11519008655624606,723.1296594283502,72320.85138932941
500.0,85.0,40.5640823390213,9,2.631873519329547,Apartment,Medium,West,1,0.13324171834102527,723.1296594283502,39979.85911417705
500.0,55.0,48.142840502441764,4,4.489062352753548,Will,Medium,East,1,0.14754730283140216,723.1296594283502,19804.818174194414
500.0,93.0,39.71066438080095,2,4.6209441221790035,Apartment,low,East,0,0.09741642962719864,723.1296594283502,18009.83841127849
500.0,,34.83745138983639,6,8.868362235492139,Will,High,South,1,0.05666938814054489,723.1296594283502,53961.32131934556
500.0,,26.5437327032649,4,5.590987412489427,House,High,West,1,0.05480923104120355,723.1296594283502,37715.20336955533
500.0,60.0,5.248555381246996,6,7.510642890510576,Apartment,low,East,1,0.07956650392716191,723.1296594283502,9026.194237827356
500.0,80.0,47.950368857192586,3,1.9372362212825869,Apartment,Medium,East,1,0.14325445893524508,723.1296594283502,12092.29445479341
500.0,25.0,38.16122828333839,6,3.0289487991732447,House,High,East,1,0.10232130549708748,723.1296594283502,68590.92579563207
500.0,35.0,32.30851988137883,2,7.326490968808091,Apartment,Medium,South,0,0.07717865160801292,723.1296594283502,43449.97101341062
500.0,0.0,38.192756431403645,2,1.475235644216753,Will,low,West,1,0.08991667945110196,723.1296594283502,51152.39453746941
500.0,,36.48106313438379,9,5.379378960193778,Will,Medium,West,1,0.10985951074046707,723.1296594283502,90624.73746337154
500.0,98.0,32.22434740968485,7,6.3943206909664045,Apartment,High,West,1,0.11529496581378422,723.1296594283502,30589.58761248445
500.0,51.0,49.04826320881942,3,6.419310796472329,Will,High,West,0,0.06539195097829051,723.1296594283502,43245.08733907516
500.0,78.0,45.26482681916522,1,1.2063953014123783,Apartment,Medium,North,1,0.14770316765451758,723.1296594283502,5340.479620287981
500.0,46.0,32.686581036741,8,3.8989720380626696,House,low,North,0,0.10447722269827889,723.1296594283502,40889.24477380852
500.0,55.0,34.96558536138931,6,6.728415859442387,Apartment,Medium,West,0,0.06356883177922792,723.1296594283502,12500.604189754682
500.0,,3.5281945262767898,7,2.3409976253431912,House,low,South,1,0.13936352533461338,723.1296594283502,22109.123660941157
500.0,13.0,33.82595576295192,9,7.258740834952479,Will,Medium,North,1,0.057463843107942884,723.1296594283502,82030.88080697192
500.0,89.0,3.1641064477949086,5,7.713326879323071,House,High,East,1,0.14077354331775127,723.1296594283502,14938.600544766196
500.0,27.0,29.824924091526622,1,9.837722714015307,Will,low,North,0,0.14965656562889823,723.1296594283502,43683.08269793508
500.0,86.0,49.968321478725905,7,2.888577953707685,Apartment,low,East,0,0.12004317991565039,723.1296594283502,42167.990349799205
500.0,77.0,28.234522490421803,5,8.426176008995036,Will,low,West,0,0.12704472210739898,723.1296594283502,29592.494876979483
500.0,87.0,24.187295785985338,3,5.682669192267887,Apartment,High,North,0,0.08373028364674864,723.1296594283502,20057.721426412027
500.0,1.0,16.32988796877379,9,4.3611633652975605,Apartment,Medium,South,0,0.14415768527339337,723.1296594283502,53632.66306943669
500.0,25.0,6.9056063605367575,1,2.1013908159266013,House,High,North,0,0.10297139661083676,723.1296594283502,33161.528238470346
500.0,13.0,36.8201599014558,1,7.619550458387838,House,low,North,1,0.12323884465975549,723.1296594283502,69899.39759744893
500.0,58.0,10.437352361495892,1,3.1227183922931836,House,Medium,North,1,0.14241077159112794,723.1296594283502,23056.9577164414
500.0,,6.648819041116934,3,4.342798016857412,House,High,West,0,0.14751799759755083,723.1296594283502,57451.07272994862
500.0,6.0,21.666370326795114,6,1.562880042076316,Will,low,South,1,0.13332043565966745,723.1296594283502,51653.26554041579
500.0,2.0,39.97175005999577,3,8.21230224237567,Will,low,North,1,0.080301750698203,723.1296594283502,59009.211782018094
500.0,22.0,37.508162857890795,8,7.89929671574479,Will,High,South,0,0.14665475165520825,723.1296594283502,54759.82343672198
500.0,17.0,3.6892481176772716,2,7.602542470380812,Apartment,High,West,0,0.11281195312435717,723.1296594283502,53879.770276868294
500.0,37.0,23.302040566771648,9,3.69499159442698,Will,High,East,1,0.14306424763519598,723.1296594283502,69425.13002090181
500.0,,26.599294227487277,3,2.5613206683936154,Will,low,North,0,0.11761050258143518,723.1296594283502,16536.991435513508
500.0,14.0,32.582785880665284,5,6.737979380232067,Will,High,South,0,0.08072389618477205,723.1296594283502,71127.78215622043
500.0,63.0,32.85820017171818,8,5.465497457018975,House,low,South,1,0.08700245241428159,723.1296594283502,39802.4051721651
500.0,88.0,18.870165223407987,2,2.6042722021417744,Will,High,West,0,0.10504717771029404,723.1296594283502,6642.0744850448355
500.0,27.0,28.473182506172186,6,7.173201439448773,Apartment,low,North,1,0.1290014841559882,723.1296594283502,25627.104890860424
500.0,73.0,24.572032308360235,5,9.920137886391734,House,low,East,1,0.08179825513403349,723.1296594283502,35576.764027468475
500.0,38.0,44.364919469640775,9,7.724976289678339,Apartment,Medium,South,1,0.10797311661341921,723.1296594283502,58082.76138360236
500.0,,26.982991499110106,5,7.659877480170506,Will,High,North,1,0.08456249935764015,723.1296594283502,33481.278936562005
500.0,16.0,22.61057592565992,2,9.552814776375325,House,High,East,1,0.1315769404635107,723.1296594283502,42637.73891818482
500.0,85.0,20.819787034410687,5,2.82642730817412,Apartment,low,South,0,0.09667280937679504,723.1296594283502,19446.80657984315
500.0,89.0,29.04896021223982,4,6.0899496842929635,Will,low,South,0,0.057672282685288526,723.1296594283502,11456.458027531244
500.0,43.0,40.394871990643985,7,9.816820435304951,Apartment,low,East,0,0.06660525214815363,723.1296594283502,39079.49242155043
500.0,24.0,27.38167302865859,6,2.487646998731571,Apartment,Medium,East,0,0.05611046676196323,723.1296594283502,57093.83321086253
500.0,16.0,33.421103578946536,2,7.302267635000689,Apartment,Medium,West,1,0.09993029460143252,723.1296594283502,52762.38678399429
500.0,12.0,37.154932578419725,5,6.272291313747117,Will,low,North,1,0.06063372973482272,723.1296594283502,44941.481284207286
500.0,83.0,26.48823738405786,7,6.278311829698363,Will,High,North,0,0.061413996930963215,723.1296594283502,20988.966462189135
500.0,24.0,21.914035776088355,7,7.279035647680677,Apartment,High,West,1,0.1441048260038377,723.1296594283502,53430.673731026975
500.0,67.0,43.95660351526002,5,9.366552305881157,House,Medium,South,0,0.13726550721760555,723.1296594283502,29072.199610651773
500.0,9.0,21.457798117366714,9,8.043237458662041,House,Medium,East,0,0.09520865968113659,723.1296594283502,68077.2179562135
500.0,66.0,23.635199678203794,4,1.50522493074589,Will,low,East,0,0.1485805320850206,723.1296594283502,36395.81799484591
500.0,,49.52672435374708,3,8.6745521788814,Will,High,East,1,0.050018652817066314,723.1296594283502,23214.49476444286
500.0,99.0,1.0116386552183445,4,3.0298719693315936,Will,low,South,1,0.11139794562733937,723.1296594283502,-12125.557975101754
500.0,85.0,10.0881725692594,5,4.392227482627348,Will,Medium,East,1,0.11164281773718701,723.1296594283502,22903.540988803667
500.0,33.0,19.814230606066563,6,5.15559532251144,Will,High,East,1,0.09574430558698882,723.1296594283502,39959.71228258317
500.0,7.0,46.69690556183739,3,5.328154006777627,House,High,West,0,0.08969479729342929,723.1296594283502,66263.63458660716
500.0,39.0,4.43145558162608,2,4.916623593298211,Will,Medium,South,1,0.09553831354806075,723.1296594283502,51547.01428882826
500.0,82.0,1.4647862477964058,4,9.43617964794278,Apartment,low,North,1,0.09149604360796805,723.1296594283502,22006.207646343653
500.0,41.0,3.581507962884201,5,7.354171068976221,Apartment,low,West,1,0.12304924774822994,723.1296594283502,25920.376255887313
500.0,40.0,5.338627120067289,4,6.680535813610357,House,High,West,0,0.0635355434973284,723.1296594283502,55318.90274340589
500.0,5.0,2.8422418871067827,3,1.4485782500464741,Apartment,Medium,North,0,0.06976392205911301,723.1296594283502,56983.53993225491
500.0,51.0,24.509285015968732,8,9.135219972343371,House,High,West,1,0.06805182283924235,723.1296594283502,23695.960412093234
500.0,25.0,29.45710315413906,4,9.184511728075567,House,Medium,South,1,0.07624705851212646,723.1296594283502,26022.205279022237
500.0,,14.3126615823812,2,8.02191757087092,Apartment,low,East,1,0.10252584187815833,723.1296594283502,44754.20184562967
500.0,97.0,20.516081814806142,2,1.0632628343225723,Will,Medium,South,1,0.06112087473382188,723.1296594283502,25267.03869891844
500.0,,5.493267420460077,1,1.5155222596986102,Apartment,low,North,0,0.1368169295326504,723.1296594283502,-16257.147131443671
500.0,55.0,17.48215272759268,4,3.027013320416408,Apartment,Medium,North,1,0.07973615313084723,723.1296594283502,11633.136571131847
500.0,58.0,26.60344039009163,9,2.18214467330416,House,High,West,1,0.06625379874687079,723.1296594283502,62612.832434324824
500.0,69.0,36.88131855204761,7,4.589524267333565,Apartment,low,South,1,0.11756213095982433,723.1296594283502,33722.61117410428
500.0,32.0,1.163971740105982,7,9.303607522790108,House,High,South,0,0.05380863005993193,723.1296594283502,63027.73928238139
500.0,,23.898227560344978,7,5.2485439077729845,Will,High,North,0,0.11199685648741642,723.1296594283502,41570.70880852855
500.0,,15.55314094628923,8,1.1206236378894905,Will,low,South,1,0.11981984306764998,723.1296594283502,70817.38735106806
500.0,,42.788269262903164,1,3.544711206208858,Will,low,North,1,0.07149165313867192,723.1296594283502,40587.503199981504
500.0,69.0,36.062112446477855,8,1.4013541753566539,Apartment,High,South,1,0.05419640734436343,723.1296594283502,30435.876148645504
500.0,69.0,29.866318189073848,4,1.3265886035215195,House,High,South,1,0.08636453589194495,723.1296594283502,40881.15744872214
500.0,3.0,14.586016639141906,4,3.48147867785997,Will,High,South,1,0.05985942302419365,723.1296594283502,61030.81924038469
500.0,93.0,45.60661600081918,4,3.480511048110509,House,High,North,0,0.06164778496733371,723.1296594283502,22785.830743653496
500.0,74.0,3.209933183795836,6,8.084139423414436,House,low,West,0,0.07542612314448646,723.1296594283502,30861.718874411497
500.0,61.0,6.363912335276643,7,9.773511875030007,Will,low,South,0,0.07954679246267593,723.1296594283502,30704.646596752806
500.0,61.0,20.189876886477446,6,4.340863845009984,Will,High,North,1,0.10299703410214206,723.1296594283502,59125.839670357884
500.0,93.0,7.097440307545961,1,4.859981909749347,House,Medium,North,0,0.1178391885503013,723.1296594283502,9324.523821364983
500.0,94.0,47.86436918041183,8,8.603104926574193,Will,Medium,South,0,0.10927709408701847,723.1296594283502,19174.270334417728
500.0,23.0,40.10147678502578,7,3.4132511808596204,House,low,South,0,0.06483603372895168,723.1296594283502,76174.94205478074
500.0,54.0,13.69014992848887,6,2.4074362396310316,House,High,West,1,0.06720860324526265,723.1296594283502,18687.64339181564
500.0,8.0,29.839157219689024,6,8.677806610632853,Will,High,North,1,0.13787692497929144,723.1296594283502,95044.2547619398
500.0,2.0,49.134195238924,5,1.4185052779605893,Apartment,low,North,0,0.10583523150641136,723.1296594283502,58812.753635048575
500.0,30.0,44.32574992844364,6,6.577294961794741,Will,Medium,East,1,0.1369937832897689,723.1296594283502,31479.786889249353
500.0,39.0,30.439123875667704,9,6.057935627201261,Apartment,Medium,North,0,0.08715465113198743,723.1296594283502,83589.12022686348
500.0,35.0,45.28247439158825,9,4.113284027515249,House,Medium,West,0,0.11144000074313237,723.1296594283502,50052.48580390813
500.0,,49.470060580854586,8,3.836705689876231,House,low,East,0,0.10236634160546107,723.1296594283502,63648.66854783441
500.0,94.0,37.424288321787586,9,7.946719535634592,Apartment,Medium,East,0,0.08191234898204626,723.1296594283502,38265.36112159195
500.0,5.0,4.184334064661807,8,1.7778214968629182,House,low,East,1,0.09699153720335954,723.1296594283502,86762.58791490218
500.0,65.0,20.677431584848886,8,3.1310587838024686,Apartment,low,South,1,0.1002490876826932,723.1296594283502,43496.61845582347
500.0,83.0,42.05346102887903,1,7.592038586542808,Apartment,High,South,1,0.07007709747566786,723.1296594283502,-709.7311249505583
500.0,91.0,12.297890594445931,5,5.934885253537818,House,Medium,North,1,0.08150103723767316,723.1296594283502,20284.887850009887
500.0,74.0,41.701483369780604,4,2.1518938768022773,Apartment,low,East,0,0.12914097505069755,723.1296594283502,16210.26682002418
500.0,3.0,6.896599339714801,2,8.939220528538542,Will,Medium,West,1,0.1415788239454127,723.1296594283502,55735.17514546785
500.0,78.0,3.3003225002428374,8,4.541030619072324,Will,Medium,South,0,0.08597940935452994,723.1296594283502,56922.24318635288
500.0,5.0,19.82043996307123,3,8.450815377899556,House,High,West,1,0.08069722822090182,723.1296594283502,65338.87787465691
500.0,93.0,2.7998649339040678,4,8.08941713974938,House,Medium,West,1,0.06951971645718825,723.1296594283502,16099.696571475082
500.0,50.0,47.90624288618296,7,6.619829018245552,Apartment,High,South,1,0.11784911686505813,723.1296594283502,54577.3624890951
500.0,61.0,41.48407909390433,9,5.450330181655836,Apartment,low,South,0,0.08230997016663373,723.1296594283502,56151.209778637785
500.0,56.0,40.237714669363875,2,9.815957563435813,Apartment,Medium,South,0,0.14877495390991885,723.1296594283502,9331.88845546912
500.0,65.0,31.859118226811503,3,2.304685651418353,Apartment,low,South,0,0.08256848020639532,723.1296594283502,24625.84066823547
500.0,78.0,11.599877128791123,4,7.526401547960033,Will,Medium,East,0,0.08941360467826281,723.1296594283502,58937.91488998774
500.0,74.0,26.394757967143217,1,2.720716313183101,Will,low,East,1,0.11033341962120347,723.1296594283502,31692.314775477993
500.0,7.0,30.26642954908671,7,4.044367947991136,House,Medium,East,0,0.13016842931913047,723.1296594283502,57448.466612582
500.0,25.0,26.72654354215314,2,3.778288690358757,Apartment,Medium,East,0,0.09695186653456336,723.1296594283502,31951.881558235676
500.0,50.0,13.751435029624837,5,9.523323889648507,Apartment,Medium,North,1,0.09226560337889583,723.1296594283502,27952.114152365968
500.0,44.0,26.247148291421567,1,9.706205600094476,House,Medium,East,1,0.14956378335948084,723.1296594283502,41494.79925393086
500.0,43.0,25.0681307025627,3,2.6471389981125446,Apartment,Medium,South,0,0.051049364113994446,723.1296594283502,59114.613816743265
500.0,4.0,49.82045301452949,2,1.1983164426775377,Apartment,Medium,West,1,0.13950652888512458,723.1296594283502,60232.50566720087
500.0,69.0,44.97437125426399,1,7.480072356968018,Apartment,Medium,East,0,0.06491408259397374,723.1296594283502,18357.43524803227
500.0,,23.705656662565374,7,4.761909404834359,Apartment,Medium,North,1,0.12859252762089135,723.1296594283502,49337.66963550843
500.0,,31.523931763820816,5,1.7995622057880793,Apartment,Medium,South,0,0.1117931559846298,723.1296594283502,33940.5971837529
500.0,,37.6457086005192,1,7.153786950193383,House,low,West,0,0.08418472854980921,723.1296594283502,29198.17419855686
500.0,83.0,2.7083928514574205,6,5.905949754346297,Apartment,High,West,0,0.13738749555210183,723.1296594283502,-5036.483208168578
500.0,96.0,44.851150620164155,5,9.824651398009955,House,Medium,East,0,0.0512907227980992,723.1296594283502,39052.38535168674
500.0,19.0,43.14621400447827,3,3.0466854627524103,Apartment,High,West,0,0.07266906520749236,723.1296594283502,31912.809944568362
500.0,11.0,23.414172790911657,7,4.635800886938934,Will,Medium,East,1,0.1066892796249536,723.1296594283502,58127.514394960206
500.0,46.0,20.16731853793861,9,5.882912230558806,Will,Medium,East,0,0.0851542260049698,723.1296594283502,61345.361759439365
500.0,0.0,14.375009367959432,9,8.125299896080165,Will,low,South,0,0.11103774953183276,723.1296594283502,96017.00304019082
500.0,89.0,24.357164588188052,9,5.939547910480528,Will,low,South,0,0.052411019340866685,723.1296594283502,33856.959786279316
500.0,13.0,3.174456513128602,2,6.516101447757543,House,High,North,0,0.06164589304817125,723.1296594283502,29094.335185087577
500.0,63.0,42.75748313400338,3,3.035323464309467,House,low,South,0,0.06270962402184392,723.1296594283502,20479.80325462673
500.0,37.0,2.7356960525087084,7,8.622268552797038,Apartment,low,South,1,0.06892836459160094,723.1296594283502,39822.71892462381
500.0,36.0,17.12351690312368,5,4.857674922734281,Will,High,East,1,0.09593314408005427,723.1296594283502,43926.834587930185
500.0,10.0,46.64788492763051,2,2.2686366476959234,House,low,South,0,0.1252128699543571,723.1296594283502,66979.76706904454
500.0,99.0,37.02542007164919,3,6.977691230548756,Apartment,Medium,East,1,0.1405538837928901,723.1296594283502,-31060.82894104826
500.0,76.0,14.788157068298812,6,2.9448140786677675,Apartment,High,East,0,0.13353725302842462,723.1296594283502,21329.152549587638
500.0,2.0,13.37980560408337,7,1.8780625921536975,House,High,South,1,0.06968878717756835,723.1296594283502,60239.255454194725
500.0,32.0,1.2490248510832722,9,8.75788217563845,Will,Medium,North,1,0.09411505522306324,723.1296594283502,39648.5798265654
500.0,5.0,35.090000349637755,1,5.141460380395957,Apartment,low,North,0,0.0699411597758535,723.1296594283502,56782.36115624424
500.0,,3.3903955019854815,7,7.743553414261988,Will,High,West,1,0.07644718166671907,723.1296594283502,22775.36192185928
500.0,9.0,27.097523450637343,8,3.6152880382571957,Will,High,West,1,0.10035469815118861,723.1296594283502,47501.58581055513
500.0,4.0,48.14397665701044,3,8.082731214258997,Will,Medium,South,0,0.05681090247235226,723.1296594283502,67266.0382103092
500.0,22.0,6.363974142668241,4,2.007423343193773,Apartment,Medium,North,0,0.07181743295932733,723.1296594283502,71008.57053444002
500.0,,44.8295166174353,6,4.203760364153674,Will,low,East,1,0.1435378161307117,723.1296594283502,59858.54847082061
500.0,43.0,49.58229142210736,7,9.802556361761757,Apartment,High,West,1,0.0966116292658489,723.1296594283502,28739.05821516101
500.0,1.0,4.0143342857225175,4,8.145907447312055,Will,low,East,1,0.09453865259778721,723.1296594283502,48416.68862332625
500.0,12.0,44.262407187735604,8,5.475303372832194,Apartment,low,West,0,0.051456715475127895,723.1296594283502,80620.02920867567
500.0,,26.287872001737217,5,4.057997244056966,Will,Medium,South,1,0.07473997470583457,723.1296594283502,44746.57360995091
500.0,1.0,45.41917225278442,1,8.849221300202288,House,High,North,1,0.13662924359821813,723.1296594283502,48484.418346771155
500.0,83.0,28.994628154059132,4,5.903629831760641,Will,High,West,1,0.06646284282586687,723.1296594283502,22695.745648697193
500.0,64.0,33.443488495221665,3,7.825825160822,Will,High,North,0,0.09151249395347211,723.1296594283502,23935.10084711839
500.0,62.0,27.645166491872562,9,7.786969122845476,Apartment,Medium,East,0,0.05143309058670013,723.1296594283502,66685.68446488825
500.0,72.0,43.36015113506008,8,1.1615111071164264,Apartment,Medium,South,0,0.09783354816705558,723.1296594283502,24262.851029595986
500.0,16.0,36.96158602873138,1,2.136284045133521,Will,Medium,North,0,0.052102110672621715,723.1296594283502,29540.613247471796
500.0,8.0,26.541755296840332,6,6.93666429755268,House,Medium,South,1,0.13196095530657997,723.1296594283502,40748.19722897016
500.0,74.0,43.5398793985258,9,2.454578301572843,House,Medium,North,0,0.13248537674871036,723.1296594283502,29400.185464114646
500.0,14.0,13.018991080511393,7,3.2994401019004425,Apartment,High,East,1,0.12877421883023699,723.1296594283502,45120.36788000768
500.0,23.0,8.709692325423774,4,9.519741587796464,House,low,East,1,0.07833640688911182,723.1296594283502,51271.13262979085
500.0,37.0,8.859605161173533,1,6.041640325374207,Will,High,South,1,0.13372372182218178,723.1296594283502,32314.21048287715
500.0,34.0,17.366435058516657,2,7.756565562994124,Apartment,low,East,1,0.10429981326052692,723.1296594283502,20313.867498980355
500.0,93.0,12.695811533749858,5,6.021826649043759,Will,Medium,West,0,0.08738081088670024,723.1296594283502,24837.090385419586
500.0,94.0,46.574427174977195,5,5.972622533044527,Apartment,low,North,0,0.1125329959704233,723.1296594283502,38252.1930069481
500.0,48.0,6.185870597600616,8,1.8473671911312812,Apartment,High,East,0,0.0512341046060374,723.1296594283502,52867.575230065355
500.0,68.0,35.250546163939795,6,4.092968733481928,Apartment,High,West,0,0.06429608776007521,723.1296594283502,-6652.472744332103
500.0,61.0,10.271855449465289,8,3.5418780881786054,Apartment,low,South,0,0.12422935381702628,723.1296594283502,70806.96456005158
500.0,,44.20021950574716,2,4.516555290522519,House,Medium,West,1,0.0744161608716153,723.1296594283502,35203.85203606589
500.0,49.0,48.10444912106046,3,8.185097694018955,Will,Medium,South,0,0.10980091173287496,723.1296594283502,61346.27379782676
500.0,77.0,23.808030429729193,6,4.347394011251784,Will,High,South,0,0.08851026028230297,723.1296594283502,43360.85379224751
500.0,74.0,44.07450253117845,3,5.065271373085144,Will,low,North,0,0.13548057787992612,723.1296594283502,38857.73128305838
500.0,,1.2521133669810236,6,4.576432514367848,Apartment,Medium,North,0,0.14524153059966435,723.1296594283502,64579.00340401627
500.0,33.0,41.1773989529969,6,1.8406717477776604,House,Medium,West,1,0.13835647283701902,723.1296594283502,45065.55981715251
500.0,75.0,12.202632914721253,2,4.969649424257053,Will,High,North,1,0.07706199946935967,723.1296594283502,21602.217815982407
500.0,98.0,45.52636415419902,7,2.7604834574006354,House,Medium,North,1,0.06941628690460823,723.1296594283502,8868.22379630191
500.0,34.0,1.0548854625253647,2,2.680509661957373,Apartment,low,North,1,0.0974434893620735,723.1296594283502,43008.212763503485
500.0,0.0,28.25290501694809,6,1.8463249399083972,Will,High,West,1,0.05073341508361803,723.1296594283502,26098.20613973934
500.0,39.0,38.0751543854618,1,4.210038767275883,House,High,East,0,0.05258093928631818,723.1296594283502,31643.98367821619
500.0,63.0,13.67572820419749,3,7.817336963104756,Apartment,low,North,1,0.1053290639623,723.1296594283502,45170.141801531994
500.0,,10.46351036477736,2,3.4879752152505645,House,High,North,1,0.10204494041652859,723.1296594283502,44414.62868393448
500.0,59.0,5.120812998931248,7,3.811141916969622,Will,Medium,West,1,0.149458198903526,723.1296594283502,64912.24107046482
500.0,63.0,16.995245248661355,4,6.784071919051812,Will,Medium,East,0,0.07018418353637582,723.1296594283502,24043.819182270923
500.0,92.0,28.432371303132644,8,2.76256731328227,Apartment,low,North,0,0.07581039291604684,723.1296594283502,40539.76369481742
500.0,71.0,6.676348982232625,6,9.07262137381181,Apartment,Medium,South,1,0.06135406423262867,723.1296594283502,16825.948894899513
500.0,10.0,19.458072737353138,4,5.68171470926399,Apartment,low,West,0,0.14175430096537445,723.1296594283502,68929.34929333068
500.0,13.0,1.444547827983523,5,5.028426462881953,House,low,North,0,0.12778112444584505,723.1296594283502,59488.92362341724
500.0,59.0,41.11529160449225,9,6.020381727362812,House,Medium,North,1,0.13223391114568472,723.1296594283502,41703.74256235907
500.0,29.0,7.293987186566377,7,2.494308820745759,House,low,South,0,0.14027637879645088,723.1296594283502,15391.768274033697
500.0,34.0,14.883804465013498,9,6.521258247752587,Apartment,Medium,South,0,0.10248999867258382,723.1296594283502,53684.34836291675
500.0,84.0,1.9029582181726559,7,4.2679066297060935,Will,High,West,0,0.09511931914507236,723.1296594283502,29701.795289197158
500.0,36.0,22.179798410733103,1,9.07467706868157,Will,High,West,1,0.08303914736656165,723.1296594283502,44930.64152829876
500.0,4.0,42.16595363431972,8,2.5196878600991752,House,low,South,1,0.10892146143478554,723.1296594283502,92914.24698648602
500.0,82.0,20.215409360814633,4,5.56345993478897,House,Medium,West,1,0.09542783967898225,723.1296594283502,49025.49052048866
500.0,77.0,9.795368847767836,3,6.383013664321162,Will,Medium,South,0,0.0951565586605575,723.1296594283502,36694.01014684477
500.0,25.0,37.93124286847544,7,1.3004524160774311,Will,High,North,1,0.1436927863731139,723.1296594283502,47568.64512043708
500.0,61.0,39.65154211166647,3,4.273238122805262,House,High,South,0,0.148403151427913,723.1296594283502,21427.938657233914
500.0,3.0,9.513920290070773,8,7.593717112307496,House,Medium,South,0,0.12964843893295808,723.1296594283502,81083.73206565525
500.0,88.0,38.7718513185085,6,8.38339756704076,Will,low,East,0,0.12567580902469283,723.1296594283502,29294.216897717026
500.0,41.0,47.41759652456056,5,3.818457953355541,Apartment,High,South,1,0.11805581617791014,723.1296594283502,66425.18939087042
500.0,88.0,9.152501759681344,4,8.18733945144476,House,low,South,1,0.06660748523335137,723.1296594283502,52690.841280648674
500.0,17.0,38.77823033407464,8,9.7098028939305,Will,low,East,1,0.055910582087565455,723.1296594283502,97007.70292647334
500.0,39.0,35.720028225528836,8,8.711865424675846,Will,High,West,1,0.11907263151132631,723.1296594283502,74409.07299697517
500.0,71.0,24.205120533319338,1,2.0587958934339268,Will,low,East,0,0.1228786222256576,723.1296594283502,22918.53973414346
500.0,38.0,3.8381025673811164,9,7.657572988769866,Will,low,North,1,0.05469729910981398,723.1296594283502,75739.87594418766
500.0,13.0,4.660026470134847,5,3.8770014919649025,Apartment,Medium,East,0,0.1428051750228848,723.1296594283502,80921.61520592595
500.0,31.0,42.76831830073374,4,9.895743904708688,Will,low,North,1,0.059114063944467755,723.1296594283502,41790.49404117472
500.0,,49.51727026478171,6,5.3682308484389845,House,Medium,West,1,0.07859005337712024,723.1296594283502,32510.08541236861
500.0,37.0,34.12656060215097,6,2.1019050852304693,Apartment,High,East,1,0.11723898127987044,723.1296594283502,35488.68499892488
500.0,96.0,22.851957043505752,2,7.5266699322465165,Will,High,East,0,0.06698725944044763,723.1296594283502,-7645.77100167955
500.0,22.0,32.731108526693475,8,3.9071007854759245,Apartment,Medium,West,0,0.05554158884422444,723.1296594283502,39770.070161102136
500.0,62.0,30.125397102198722,7,9.973703413734956,House,High,North,0,0.08311464891641498,723.1296594283502,41248.52563676591
500.0,,19.797000759875466,1,9.818042120690697,Will,low,East,0,0.12659715748551792,723.1296594283502,28503.707983678025
500.0,96.0,4.215681084126635,5,6.905206162185226,House,low,North,0,0.09136786789852604,723.1296594283502,2747.1672379692645
500.0,24.0,41.254134422964604,6,2.168438040565458,Will,low,East,1,0.11529729219079393,723.1296594283502,64018.833387650906
500.0,16.0,19.219842932697507,4,7.1817489790752616,Will,High,South,0,0.10796190972281366,723.1296594283502,54224.13599380264
500.0,96.0,41.12049652449759,2,1.8372743781402447,Will,low,East,0,0.05222184820255804,723.1296594283502,11944.37410950512
500.0,65.0,13.372928734730728,4,1.2642774319215309,Will,High,West,0,0.14885399870457067,723.1296594283502,47477.23142838122
500.0,77.0,1.0504445124360364,1,8.406626015993375,Will,low,West,0,0.05414280888193878,723.1296594283502,24967.948628111928
500.0,52.0,8.78797588056107,7,2.887776529153132,Apartment,Medium,North,1,0.14678027376484848,723.1296594283502,65283.29872178995
500.0,50.0,23.958431421660634,2,4.411244135971876,Will,High,East,0,0.1049864178364398,723.1296594283502,29699.64742167106
500.0,38.0,47.270878112933666,2,9.761116509785559,Will,High,North,1,0.14631590270650663,723.1296594283502,58676.85886968594
500.0,50.0,6.0074873649922305,9,4.031564516749929,Apartment,low,North,1,0.06147535994138355,723.1296594283502,54896.051465361896
500.0,69.0,42.85627894861673,5,3.6684080315498373,Apartment,High,South,1,0.09904085191855132,723.1296594283502,30530.593916428043
500.0,5.0,26.824180714381242,2,9.263871996604976,Apartment,High,South,0,0.06695040918660586,723.1296594283502,72922.89309414756
500.0,66.0,41.47011752419493,9,1.996736007870623,Apartment,Medium,West,1,0.05509748770224424,723.1296594283502,28417.694812100577
500.0,6.0,15.620347118509638,9,7.836241691031686,Apartment,Medium,North,0,0.11175291150623115,723.1296594283502,101854.00851313713
500.0,50.0,42.15741106895112,1,9.892590099874965,Apartment,low,West,0,0.07077834209616915,723.1296594283502,21268.499699440712
500.0,71.0,38.86831622082342,3,9.11166409697184,Will,Medium,East,0,0.10876970182875459,723.1296594283502,2728.3804267601736
500.0,41.0,12.272630468540262,4,6.865011268357834,Will,low,North,0,0.06123644819489857,723.1296594283502,48802.52928083793
500.0,63.0,7.435421194059525,7,3.826547154934588,House,low,North,0,0.08319864714327027,723.1296594283502,31340.17734822609
500.0,14.0,43.53466180408235,4,3.2888978306048506,Will,low,East,1,0.12816325580532473,723.1296594283502,82887.10637866876
500.0,28.0,48.19859601856646,2,8.37329594384315,Will,High,East,1,0.09370515218421877,723.1296594283502,33006.487718222794
500.0,32.0,2.5338133736282957,7,8.918397225565258,Apartment,Medium,West,0,0.11277454148973363,723.1296594283502,57216.73376027943
500.0,93.0,36.83223328171059,6,5.728914212911236,Apartment,low,West,1,0.1147457940745546,723.1296594283502,-2383.899732171547
500.0,26.0,45.5667010364431,3,3.1990594670781953,Will,Medium,East,0,0.13437550439872936,723.1296594283502,55693.71367346207
500.0,35.0,43.01064451253243,6,2.016488875700562,House,low,West,1,0.08249227944066413,723.1296594283502,36339.14886211643
500.0,28.0,48.26150314124022,6,1.7846152104864805,Apartment,Medium,East,1,0.11872955625825175,723.1296594283502,61899.87035498901
500.0,37.0,38.24460984346676,5,7.4716970261847,Will,Medium,North,1,0.14616158070461654,723.1296594283502,37574.821404412076
500.0,,22.672639356664604,4,4.7810685506295245,Will,low,North,1,0.1230243334357868,723.1296594283502,795.9796991580042
500.0,96.0,16.285647534261393,1,9.148238868500833,House,High,South,1,0.09898704767177445,723.1296594283502,4467.851355158252
500.0,,16.716394281468247,6,7.657041706540873,House,Medium,North,0,0.11307174444919292,723.1296594283502,53796.42775617653
500.0,54.0,36.49671095809173,2,2.7213437612312803,Apartment,High,East,0,0.12396828977631082,723.1296594283502,39716.0736043392
500.0,32.0,37.54601358951725,3,6.5239967693412915,House,High,West,1,0.11122757656938724,723.1296594283502,63840.00857758806
500.0,67.0,10.81759803388692,8,4.919549089583434,Will,low,South,0,0.051667581348983915,723.1296594283502,66686.14114875198
500.0,85.0,43.53801786103602,6,6.1952475769175175,Will,low,West,1,0.06947734976872258,723.1296594283502,35962.31320206329
500.0,65.0,36.031277969910136,3,7.642622110046655,House,low,East,0,0.13104682172154658,723.1296594283502,28179.287880988773
500.0,9.0,28.57476403082575,7,8.255762929034116,House,Medium,North,1,0.07726506473124847,723.1296594283502,42589.99615726802
500.0,4.0,24.105090545023124,4,8.593635937660519,House,low,South,1,0.12315621195611338,723.1296594283502,60530.31405485011
500.0,,27.618407483707948,9,3.2857738711482227,House,low,East,1,0.08721202152416987,723.1296594283502,41224.10254908399
500.0,,8.803041175683958,5,1.2800403992562193,Apartment,Medium,South,0,0.10218843281579432,723.1296594283502,11520.39610515958
500.0,37.0,10.981361214537436,3,7.653652616482958,House,Medium,South,0,0.05679732998194037,723.1296594283502,47494.51475901213
500.0,12.0,5.467060029903392,2,1.9570935363019712,Apartment,low,North,1,0.06812255610497095,723.1296594283502,64328.58566473202
500.0,30.0,8.529243869894522,2,3.834276297516709,Will,low,East,1,0.14571969635192344,723.1296594283502,26223.941042069742
500.0,46.0,23.23098809565885,3,1.0343542071191243,House,low,West,0,0.13901380534469138,723.1296594283502,20990.234687007993
500.0,99.0,26.987365292684547,2,7.135025341614581,Apartment,low,South,0,0.11522751108990502,723.1296594283502,1910.6198233505634
500.0,87.0,1.8752327314376493,4,2.5041881032409914,House,High,South,0,0.09596445973857373,723.1296594283502,6771.5621393811525
500.0,51.0,40.04309356533735,2,6.897541687224924,Will,High,West,0,0.11757612928952238,723.1296594283502,3381.2019646020563
500.0,,15.414230693830417,9,9.925683554510549,Will,low,East,0,0.1118610289093939,723.1296594283502,32051.108955155723
500.0,14.0,45.67996571303564,2,1.6540378444901465,Will,High,South,1,0.1068552255604612,723.1296594283502,28015.18279443839
500.0,28.0,48.408051917075106,9,1.6937021075631462,House,Medium,South,0,0.055917707186354186,723.1296594283502,78626.7576202723
500.0,7.0,10.087484859156064,6,4.063420834000074,House,High,South,1,0.11328026106615069,723.1296594283502,87542.40509013917
500.0,,23.642767247517373,1,8.797478628262079,Apartment,High,East,1,0.12689200445711685,723.1296594283502,32068.4981405812
500.0,28.0,1.0603599231548686,4,2.9397688191219866,Will,low,East,0,0.14940816546455754,723.1296594283502,53691.10269705667
500.0,46.0,30.318035990998922,1,4.243400379373128,House,High,West,0,0.05110785525943097,723.1296594283502,40602.74636704626
500.0,67.0,30.75801596487089,6,1.6165486596428162,Will,High,East,1,0.12301734533106766,723.1296594283502,9615.968200102041
500.0,75.0,13.129457824565383,4,7.868397621330004,Will,High,East,0,0.10717893159359804,723.1296594283502,24414.684207684993
500.0,44.0,28.3622209565767,3,4.6747570848350595,Apartment,High,North,1,0.09340521760809567,723.1296594283502,72502.74248019789
500.0,1.0,12.051466979743036,3,7.833238597547585,Apartment,Medium,West,0,0.06275701745713709,723.1296594283502,66157.20299536447
500.0,,8.880447984831314,9,9.132470599121156,Apartment,low,South,0,0.09090851486348762,723.1296594283502,57820.49188001204
500.0,94.0,32.924453873310966,6,3.094868323911599,Apartment,low,East,0,0.08543771829861353,723.1296594283502,10097.202121726865
500.0,35.0,16.97034773365167,9,8.266564273059561,Will,Medium,South,1,0.08028298889787422,723.1296594283502,26663.07622918658
500.0,35.0,29.9229330053955,5,1.5318450107042794,Apartment,High,South,0,0.12308796233222076,723.1296594283502,52057.10484175098
500.0,25.0,22.229090699611124,2,9.089626493622227,Apartment,Medium,North,1,0.12007255212842638,723.1296594283502,70217.25180881473
500.0,42.0,49.23321896274229,8,6.856916928028726,Apartment,High,East,0,0.10890200909809115,723.1296594283502,38296.84368403119
500.0,,8.329451490710722,5,8.868040517245163,Apartment,Medium,West,1,0.14386648132933721,723.1296594283502,20466.229807244083
500.0,68.0,23.765331235154697,2,1.001695596009237,Will,low,East,0,0.08498543841808545,723.1296594283502,9536.637279701634
500.0,19.0,34.342374691606935,4,2.5217296332039325,Apartment,low,South,1,0.07438019377101796,723.1296594283502,63223.996189673126
500.0,10.0,20.381709110118464,9,4.507834486838428,Will,low,West,1,0.11559033130983995,723.1296594283502,63072.49992766872
500.0,73.0,48.760292741663804,4,4.415526130372467,House,High,East,1,0.0698814060937403,723.1296594283502,10692.978606303677
500.0,37.0,36.372493768419815,4,3.040573446311596,Will,High,South,1,0.08150105071834246,723.1296594283502,41287.323725867886
500.0,5.0,33.19220902066016,2,4.4345074588048,Will,Medium,South,1,0.07246024400748849,723.1296594283502,54445.511207517826
500.0,71.0,38.095904112949945,6,2.1596384080022935,Apartment,Medium,North,1,0.056915356771850126,723.1296594283502,9174.14788842458
500.0,22.0,47.679783263897136,2,4.714850163394234,House,low,North,0,0.13274987416356732,723.1296594283502,39240.744545947644
500.0,46.0,45.48311399624737,7,8.221188962433377,House,High,North,1,0.07545405429216612,723.1296594283502,38040.98579116492
500.0,89.0,36.48998009819418,3,5.311630567930161,House,Medium,South,1,0.09730275033430207,723.1296594283502,2386.4347612787587
500.0,45.0,37.70892031596287,3,1.1620008005069349,House,High,East,1,0.0543315273254312,723.1296594283502,18744.44995912828
500.0,11.0,8.150181627722127,5,4.792996374213226,Will,High,North,0,0.11993394662526431,723.1296594283502,71118.86782192196
500.0,89.0,6.036827820140619,3,1.2445751448175975,House,low,East,0,0.08305610023062908,723.1296594283502,2334.1960680295815
500.0,12.0,28.97432059036405,2,9.696190696361183,Will,low,North,0,0.124473672782921,723.1296594283502,17575.82071280072
500.0,61.0,1.9000142100864599,9,2.147085634805821,Will,High,West,1,0.09124030604678661,723.1296594283502,47964.4673296315
500.0,81.0,24.635462696027986,2,7.3691949369755685,Will,High,West,0,0.06957556064056246,723.1296594283502,23877.992090097767
500.0,88.0,11.307129416024562,2,9.754986906028773,House,High,North,0,0.1013175082282036,723.1296594283502,-2440.2409782381637
500.0,96.0,17.95481181459714,8,8.434351464999146,Apartment,High,South,1,0.06305045596374398,723.1296594283502,15105.059653240505
500.0,59.0,39.01443205385485,9,7.293838376135833,Apartment,low,North,1,0.09405391598729948,723.1296594283502,35264.19419357441
500.0,42.0,47.12063770738694,7,8.555148185506901,House,Medium,North,0,0.08173054774204866,723.1296594283502,42300.199578548345
500.0,75.0,4.548397335170733,3,9.836188239345649,Apartment,low,South,1,0.1411959584199633,723.1296594283502,35602.75273284733
500.0,,27.17786809284581,9,6.592100475281766,Apartment,Medium,West,1,0.056092872172072,723.1296594283502,23289.112414414652
500.0,67.0,44.2441408051604,3,6.032663261463938,Will,High,East,1,0.1194017414105742,723.1296594283502,35593.90318500808
500.0,4.0,5.042918187580643,5,6.654142994169533,Will,Medium,North,1,0.0682751165987436,723.1296594283502,45967.52552679871
500.0,36.0,41.401188297944856,9,5.794082980853995,House,low,South,0,0.08190450743322399,723.1296594283502,50744.643706285235
500.0,,18.532266195485295,3,6.715801953187469,House,low,North,1,0.09155140630620659,723.1296594283502,35310.207237709605
500.0,91.0,16.782640408747433,7,5.0485798717530335,Apartment,High,South,0,0.14080150893749743,723.1296594283502,10915.91902360611
500.0,30.0,48.8958529294245,1,2.965988645949764,Will,low,East,0,0.07425782660738252,723.1296594283502,50682.04691362796
500.0,8.0,10.842095403252415,4,2.0822250386050807,House,High,East,0,0.05913088025446703,723.1296594283502,46074.23863507293
500.0,50.0,34.966503100311364,4,1.6150684197903435,House,low,West,0,0.08186896039905237,723.1296594283502,29675.06227412371
500.0,28.0,41.250595672483456,7,3.3698420537788008,House,low,South,1,0.06046759705355334,723.1296594283502,79552.43881023387
500.0,77.0,3.017991268684312,8,1.4151120790216045,House,High,South,1,0.06285964859605525,723.1296594283502,26462.71534250653
500.0,39.0,33.848887459366196,1,6.104537019274471,House,Medium,West,1,0.10738505979750267,723.1296594283502,33180.18704125952
500.0,40.0,47.62594874341102,5,3.5544560232116824,House,low,West,0,0.056090193309949334,723.1296594283502,51746.54633782605
500.0,85.0,7.086778369674908,7,8.420813272783288,Apartment,Medium,South,0,0.053093088139356606,723.1296594283502,29397.62974508017
500.0,10.0,44.91484383156688,4,1.668167856895478,Will,low,West,0,0.12144141014704977,723.1296594283502,58325.800233343645
500.0,22.0,30.144055231469867,4,3.0371634490733737,Will,low,East,1,0.08616470948410446,723.1296594283502,47651.90384027398
500.0,0.0,31.213624511261227,4,7.572215323811313,House,low,North,0,0.06253753492338733,723.1296594283502,39966.41186475516
500.0,45.0,31.03426456841469,6,6.3892746674514225,Will,low,East,1,0.07536127708597082,723.1296594283502,48224.33995149638
500.0,20.0,15.642958430528378,7,1.5804214412425077,Will,Medium,West,1,0.1142086507352399,723.1296594283502,47512.973144825184
500.0,89.0,46.82488894967352,2,8.895155114459804,Will,Medium,South,1,0.07755365671408512,723.1296594283502,20636.508261047646
500.0,35.0,47.4201726689209,5,8.895355865435615,House,low,South,1,0.09945211251204078,723.1296594283502,65580.92135924529
500.0,53.0,31.639928350483444,4,3.9736720348819645,House,low,East,0,0.06216953067266723,723.1296594283502,5916.641078744768
2500.0,86.0,39.387713571139116,3,4.0636525901460825,Will,Medium,South,1,0.1088093637605447,723.1296594283502,341071.17411406565
500.0,56.0,31.000641308176743,7,9.901255225151566,Will,High,West,0,0.0816077683843264,723.1296594283502,34334.133121994346
500.0,0.0,24.73552393112799,6,6.635585544338244,House,High,East,1,0.11269684345287165,723.1296594283502,63535.76166723291
500.0,62.0,33.380185796663284,7,5.781848685112532,Apartment,Medium,South,0,0.13083948823040228,723.1296594283502,23814.188212314155
500.0,53.0,28.09707117700596,5,8.543369651967321,Will,low,North,0,0.11116464193899925,723.1296594283502,38827.01593599415
500.0,54.0,30.276317268964576,6,3.5676130452158477,Apartment,low,North,1,0.07957475625950207,723.1296594283502,39502.22324766108
500.0,39.0,39.40779511752424,5,4.862643340567212,Will,High,West,1,0.07557437015483004,723.1296594283502,59153.84237939276
500.0,14.0,24.564287741000257,7,3.4099900793950075,Apartment,High,South,1,0.0827420958733448,723.1296594283502,50379.10085054614
500.0,20.0,2.9969511985311654,2,8.102447619298584,Apartment,Medium,West,0,0.06646205132365049,723.1296594283502,68412.03602906864
500.0,46.0,9.035974568485365,5,6.160144110716962,Apartment,High,East,1,0.068117185085002,723.1296594283502,49470.711294633344
500.0,72.0,22.49175360798738,6,6.929425631260635,House,Medium,North,1,0.12906911019001677,723.1296594283502,30864.534651631137
